156332192;Licenciatura;H-369;021918433762;Marco.Kojima@poli.ufrj.br;Marco.Kojima.com;0;Substituto
153155555;Licenciatura;C-162;021943379481;Pedro.Montenegro@gmail.com;Pedro.Montenegro.org;1;Associado
159500557;PHD;A-198;021934107994;Miguel.Carvalho@poli.ufrj.br;Miguel.Carvalho.ufrj.br;2;Associado
106763677;Licenciatura;F-32;021978265574;Thiago.Neiva@gmail.com;Thiago.Neiva.com.br;3;Adjunto
197183923;PHD;H-252;021962617364;Thiago.Silva@poli.ufrj.br;Thiago.Silva.org;4;Substituto
102245057;PHD;H-398;021910593611;Felipe.Lago@poli.ufrj.br;Felipe.Lago.org;5;Substituto
151926574;Mestrado;C-50;021987315014;David.Koster@yahoo.com;David.Koster.com.br;6;Titular
152930735;Bacharelado;I-122;021934450045;Felipe.Koster@hotmail.com;Felipe.Koster.org;7;Associado
137652797;PHD;D-305;021937612545;Lara.Fagundes@poli.ufrj.br;Lara.Fagundes.com;8;Associado
